Regions,WILIAM
Austria,AUSTRIA
Belgium,BELGIUM
Bulgaria,BULGARIA
Croatia,CROATIA
Cyprus,CYPRUS
Czechia,CZECHIA
Denmark,DENMARK
Estonia,ESTONIA
Finland,FINLAND
France,FRANCE
Germany,GERMANY
Greece,GREECE
Hungary,HUNGARY
Ireland,IRELAND
Italy,ITALY
Latvia,LATVIA
Lithuania,LITHUANIA
Luxembourg,LUXEMBOURG
Malta,MALTA
Netherlands,NETHERLANDS
Poland,POLAND
Portugal,PORTUGAL
Romania,ROMANIA
Slovakia,SLOVAKIA
Slovenia,SLOVENIA
Spain,SPAIN
Sweden,SWEDEN
UK,UK
CHINA,CHINA
EASOC,EASOC
INDIA,INDIA
LATAM,LATAM
RUSSIA,RUSSIA
USMCA,USMCA
LROW,LROW
